Data,Otwarcie,Najwyzszy,Najnizszy,Zamkniecie,Wolumen
2021-12-01,4.05,4.05,3.9,4,3060
2021-12-02,4,4,3.9,3.9,2763
2021-12-03,4.04,4.04,3.89,4,4270
2021-12-06,4.04,4.04,4.04,4.04,10
2021-12-07,3.99,3.99,3.9,3.9,495
2021-12-08,3.99,3.99,3.88,3.88,2757
2021-12-09,3.88,3.9,3.88,3.9,1520
2021-12-10,3.89,3.9,3.84,3.84,2623
2021-12-13,3.89,3.89,3.78,3.85,16501
2021-12-14,3.85,3.85,3.78,3.78,6137
2021-12-15,3.81,3.81,3.65,3.76,5451
2021-12-16,3.75,3.75,3.7,3.75,1394
2021-12-17,3.75,3.75,3.65,3.65,6739
2021-12-20,3.7,3.7,3.5,3.5,16478
2021-12-21,3.63,3.63,3.5,3.52,9981
2021-12-22,3.51,3.57,3.47,3.47,11001
2021-12-23,3.57,3.57,3.43,3.44,3422
2021-12-27,3.5,3.5,3.15,3.23,40468
2021-12-28,3.23,3.4,3.21,3.32,30640
2021-12-29,3.36,3.66,3.36,3.57,15518
2021-12-30,3.64,3.64,3.42,3.6,12627
2022-01-03,3.6,3.96,3.58,3.84,20847
2022-01-04,4,4.08,3.9,3.94,11466
2022-01-05,4.06,4.06,3.9,4.02,7095
2022-01-07,4.02,4.02,3.85,3.96,6503
2022-01-10,3.99,4.06,3.96,3.96,10124
2022-01-11,3.99,3.99,3.87,3.87,5143
2022-01-12,3.99,3.99,3.6,3.77,10460
2022-01-13,3.8,3.8,3.8,3.8,18
2022-01-14,3.8,3.8,3.8,3.8,68
2022-01-17,3.8,3.8,3.8,3.8,10
2022-01-18,3.8,3.81,3.69,3.69,3533
2022-01-19,3.69,3.97,3.69,3.97,32
2022-01-20,3.97,3.97,3.71,3.82,133
2022-01-21,3.71,3.97,3.7,3.7,2287
2022-01-24,3.8,3.8,3.34,3.4,20390
2022-01-25,3.7,3.7,3.33,3.44,1761
2022-01-26,3.68,3.68,3.33,3.68,2812
2022-01-27,3.68,3.68,3.43,3.6,6527
2022-01-28,3.6,3.7,3.41,3.6,7095
2022-01-31,3.7,3.7,3.49,3.6,2184
2022-02-01,3.7,3.7,3.53,3.61,896
2022-02-02,3.6,3.7,3.5,3.59,2581
2022-02-03,3.69,3.69,3.5,3.5,360
2022-02-04,3.69,3.69,3.61,3.61,375
2022-02-07,3.69,3.69,3.5,3.65,1075
2022-02-08,3.6,3.7,3.56,3.7,471
2022-02-09,3.69,3.69,3.69,3.69,1
2022-02-10,3.69,3.7,3.51,3.7,217
2022-02-11,3.7,3.7,3.7,3.7,5
2022-02-14,3.51,3.69,3.33,3.46,10508
2022-02-15,3.6,3.6,3.41,3.41,650
2022-02-16,3.67,3.67,3.46,3.46,4244
2022-02-17,3.5,3.5,3.42,3.5,251
2022-02-18,3.5,3.51,3.39,3.39,1067
2022-02-21,3.66,3.66,3.3,3.32,11635
2022-02-22,3.45,3.45,3.33,3.33,1200
2022-02-23,3.45,3.45,3.32,3.32,1042
2022-02-24,3.05,3.32,2.6,3.07,17181
2022-02-25,3.07,3.36,3.04,3.15,10537
2022-02-28,3.4,3.4,3.02,3.1,6280
2022-03-01,3.02,3.17,2.9,2.9,16146
2022-03-02,3.32,3.32,2.93,3,8495
2022-03-03,3.03,3.06,3,3.06,3172
2022-03-04,3.21,3.21,3.06,3.2,568
2022-03-07,3.2,3.2,2.88,2.9,15441
2022-03-08,3.19,3.19,2.87,2.9,12910
2022-03-09,3.19,3.19,2.89,2.89,14183
2022-03-10,2.99,2.99,2.88,2.88,6675
2022-03-11,2.98,2.98,2.87,2.93,3700
2022-03-14,3.18,3.18,2.88,3,15883
2022-03-15,2.97,3.09,2.92,3.08,22639
2022-03-16,3.15,3.15,2.96,2.96,19624
2022-03-17,3.06,3.21,3.05,3.16,43684
2022-03-18,3.21,3.23,3.2,3.23,2675
2022-03-21,3.12,3.18,3.07,3.18,3329
2022-03-22,3.16,3.18,3.16,3.18,172
2022-03-23,3.18,3.18,3.18,3.18,6
2022-03-24,3.15,3.18,3.15,3.18,2057
2022-03-25,3.18,3.18,3.18,3.18,2
2022-03-28,3.18,3.18,3.18,3.18,2
2022-03-29,3.18,3.18,3.1,3.1,1406
2022-03-30,3.07,3.09,3.07,3.07,18400
2022-03-31,3.01,3.14,3.01,3.08,18226
2022-04-01,3.02,3.17,3.02,3.17,3348
2022-04-04,3.16,3.18,3.16,3.18,524
2022-04-05,3.09,3.09,3.08,3.09,797
2022-04-06,3.14,3.14,3.04,3.1,1165
2022-04-07,3.14,3.14,3.03,3.1,210
2022-04-08,3.05,3.05,3.03,3.05,410
2022-04-11,3.05,3.05,3.02,3.02,90
2022-04-12,3.08,3.1,3.08,3.1,5010
2022-04-13,3.02,3.09,2.97,3.01,5916
2022-04-14,3.1,3.1,2.98,2.98,620
2022-04-19,2.98,3,2.87,2.98,3827
2022-04-20,2.98,3,2.98,3,7904
2022-04-21,3,3,2.89,2.96,2511
2022-04-22,3,3,3,3,1
2022-04-25,3,3,3,3,10
2022-04-26,2.98,2.98,2.98,2.98,510
2022-04-27,2.98,2.98,2.98,2.98,28
2022-04-28,2.82,2.82,2.54,2.69,46240
2022-04-29,2.67,2.68,2.53,2.53,21979
2022-05-02,2.5,2.6,2.5,2.54,7995
2022-05-04,2.5,2.5,2.31,2.32,9804
2022-05-05,2.31,2.4,2.27,2.27,8869
2022-05-06,2.25,2.28,1.91,1.99,37797
2022-05-09,1.96,1.97,1.96,1.97,4708
2022-05-10,2,2,1.97,1.99,2516
2022-05-11,2,2,1.82,1.96,12451
2022-05-12,1.99,1.99,1.84,1.99,3011
2022-05-13,1.99,1.99,1.89,1.94,2126
2022-05-16,1.95,1.96,1.87,1.95,7868
2022-05-17,1.97,1.99,1.95,1.95,15504
2022-05-18,2,2,1.97,1.97,1010
2022-05-19,2,2,1.9,1.93,710
2022-05-20,2,2,1.925,1.95,47478
2022-05-23,2,2,1.9,1.965,1428
2022-05-24,1.99,1.99,1.97,1.985,3828
2022-05-25,1.99,1.99,1.99,1.99,1490
2022-05-26,1.98,1.99,1.87,1.99,7275
2022-05-27,1.99,2,1.98,1.98,4460
2022-05-30,1.86,1.86,1.75,1.79,16971
2022-05-31,1.785,1.79,1.72,1.72,3672
2022-06-01,1.72,1.78,1.6,1.6,21065
2022-06-02,1.615,1.62,1.46,1.52,10781
2022-06-03,1.52,1.535,1.47,1.47,3892
2022-06-06,1.54,1.54,1.52,1.52,14519
2022-06-07,1.625,1.625,1.535,1.535,210
2022-06-08,1.625,1.625,1.46,1.46,5510
2022-06-09,1.6,1.6,1.535,1.54,7262
2022-06-10,1.6,1.6,1.465,1.465,97
2022-06-13,1.595,1.595,1.565,1.565,20
2022-06-14,1.58,1.58,1.435,1.465,14375
2022-06-15,1.515,1.515,1.5,1.5,1502
2022-06-17,1.515,1.585,1.515,1.585,548
2022-06-20,1.585,1.585,1.585,1.585,10
2022-06-21,1.585,1.585,1.52,1.585,4979
2022-06-22,1.595,1.595,1.5,1.5,4010
2022-06-23,1.595,1.595,1.595,1.595,10
2022-06-24,1.59,1.59,1.46,1.46,1018
2022-06-27,1.5,1.535,1.5,1.535,627
2022-06-28,1.535,1.62,1.535,1.59,8559
2022-06-29,1.625,1.66,1.6,1.6,1152
2022-06-30,1.775,1.775,1.55,1.645,3423
2022-07-01,1.75,1.75,1.75,1.75,1
2022-07-04,1.75,1.75,1.75,1.75,10
2022-07-05,1.575,1.585,1.575,1.585,779
2022-07-06,1.64,1.64,1.64,1.64,10
2022-07-07,1.64,1.64,1.64,1.64,760
2022-07-08,1.725,1.73,1.55,1.55,761
2022-07-11,1.685,1.685,1.545,1.645,4103
2022-07-12,1.655,1.655,1.655,1.655,10
2022-07-13,1.655,1.655,1.655,1.655,2
2022-07-14,1.655,1.655,1.655,1.655,5
2022-07-15,1.675,1.675,1.675,1.675,10
2022-07-18,1.675,1.675,1.56,1.66,288
2022-07-19,1.675,1.675,1.56,1.56,1812
2022-07-20,1.56,1.56,1.56,1.56,1332
2022-07-21,1.675,1.675,1.62,1.62,284
2022-07-22,1.67,1.67,1.67,1.67,10
2022-07-25,1.68,1.68,1.68,1.68,299
2022-07-26,1.675,1.675,1.675,1.675,12
2022-07-27,1.66,1.66,1.53,1.66,146
2022-07-28,1.66,1.66,1.62,1.62,1343
2022-07-29,1.66,1.66,1.535,1.62,1641
2022-08-01,1.62,1.63,1.58,1.58,2310
2022-08-02,1.58,1.58,1.58,1.58,133
2022-08-03,1.6,1.6,1.6,1.6,586
2022-08-04,1.635,1.635,1.53,1.53,70
2022-08-05,1.635,1.635,1.61,1.61,1246
2022-08-08,1.635,1.635,1.61,1.63,2166
2022-08-09,1.635,1.635,1.635,1.635,1
2022-08-10,1.625,1.635,1.62,1.635,2682
2022-08-11,1.635,1.635,1.555,1.63,302
2022-08-12,1.63,1.63,1.55,1.55,796
2022-08-16,1.63,1.63,1.625,1.625,1950
2022-08-17,1.63,1.63,1.63,1.63,10
2022-08-18,1.63,1.63,1.63,1.63,10
2022-08-19,1.6,1.6,1.6,1.6,10
2022-08-22,1.6,1.6,1.55,1.55,700
2022-08-23,1.6,1.6,1.6,1.6,10
2022-08-24,1.6,1.6,1.49,1.495,13674
2022-08-25,1.495,1.495,1.435,1.495,1522
2022-08-26,1.495,1.495,1.495,1.495,10
2022-08-29,1.495,1.495,1.435,1.435,30
2022-08-30,1.495,1.495,1.435,1.495,4921
2022-08-31,1.495,1.495,1.495,1.495,7154
2022-09-01,1.495,1.495,1.43,1.495,1960
2022-09-02,1.495,1.495,1.495,1.495,10
2022-09-05,1.495,1.495,1.495,1.495,10
2022-09-06,1.495,1.495,1.495,1.495,10
2022-09-07,1.495,1.495,1.495,1.495,10
2022-09-08,1.495,1.495,1.39,1.41,15310
2022-09-09,1.49,1.49,1.41,1.41,3302
2022-09-12,1.445,1.445,1.445,1.445,25
2022-09-13,1.445,1.445,1.445,1.445,18
2022-09-14,1.445,1.445,1.445,1.445,34
2022-09-15,1.445,1.445,1.445,1.445,2
2022-09-16,1.44,1.44,1.44,1.44,27
2022-09-19,1.44,1.44,1.44,1.44,2
2022-09-20,1.44,1.44,1.35,1.35,5582
2022-09-21,1.435,1.435,1.265,1.265,946
2022-09-22,1.335,1.335,1.3,1.3,2527
2022-09-23,1.29,1.3,1.26,1.3,5251
2022-09-26,1.3,1.3,1.15,1.2,10683
2022-09-27,1.3,1.3,1.13,1.2,1833
2022-09-28,1.29,1.29,1.115,1.15,4899
2022-09-29,1.115,1.15,1.09,1.15,5298
2022-09-30,1.15,1.15,1.12,1.12,1700
2022-10-03,1.165,1.165,1.165,1.165,10
2022-10-04,1.165,1.165,1.16,1.16,386
2022-10-05,1.165,1.165,1.08,1.08,2307
2022-10-06,1.08,1.14,1.08,1.14,622
2022-10-07,1.145,1.145,1.145,1.145,595
2022-10-10,1.13,1.13,1.09,1.09,614
2022-10-11,1.075,1.09,1.02,1.065,12436
2022-10-12,1.07,1.07,1.01,1.01,1125
2022-10-13,1.07,1.07,1.01,1.065,246
2022-10-14,1.02,1.05,0.918,1.05,29818
2022-10-17,0.858,0.858,0.55,0.58,30268
2022-10-18,0.55,0.666,0.55,0.6,52300
2022-10-19,0.6,0.6,0.576,0.6,17131
2022-10-20,0.55,0.6,0.55,0.594,13170
2022-10-21,0.592,0.592,0.56,0.592,6640
2022-10-24,0.55,0.592,0.55,0.592,200
2022-10-25,0.592,0.592,0.56,0.57,3761
2022-10-26,0.55,0.57,0.5,0.55,43378
2022-10-27,0.54,0.55,0.54,0.55,902
2022-10-28,0.51,0.534,0.47,0.489,24988
2022-10-31,0.489,0.602,0.48,0.512,108157
2022-11-02,0.5,0.548,0.5,0.54,11847
2022-11-03,0.53,0.54,0.5,0.5,27008
2022-11-04,0.54,0.604,0.538,0.604,37498
2022-11-07,0.71,0.82,0.71,0.82,37430
2022-11-08,0.89,0.946,0.85,0.946,17351
2022-11-09,1.25,1.36,1.02,1.07,177690
2022-11-10,1.07,1.09,0.91,0.91,78919
2022-11-14,0.91,0.94,0.83,0.898,31569
2022-11-15,0.88,0.88,0.78,0.81,35129
2022-11-16,0.89,0.89,0.762,0.8,634
2022-11-17,0.8,0.8,0.8,0.8,1215
2022-11-18,0.8,0.87,0.764,0.8,7703
2022-11-21,0.8,0.82,0.8,0.82,333
2022-11-22,0.85,0.85,0.8,0.8,5015
2022-11-23,0.8,0.8,0.8,0.8,237
2022-11-24,0.85,0.85,0.77,0.84,7911
2022-11-25,0.84,0.84,0.762,0.84,7717
2022-11-28,0.77,0.916,0.77,0.886,50628
2022-11-29,0.886,0.886,0.82,0.85,1324
2022-11-30,0.886,0.948,0.81,0.858,19206
2022-12-01,0.868,0.944,0.82,0.85,1757
2022-12-02,0.916,0.916,0.858,0.888,1369
2022-12-05,0.89,0.89,0.822,0.87,8628
2022-12-06,0.87,0.87,0.818,0.85,3218
2022-12-07,0.87,0.87,0.85,0.85,5676
2022-12-08,0.85,0.85,0.768,0.814,16702
2022-12-09,0.8,0.854,0.79,0.798,3443
2022-12-12,0.848,0.848,0.798,0.798,117
2022-12-13,0.838,0.838,0.816,0.816,12
2022-12-14,0.838,0.838,0.766,0.8,14256
2022-12-15,0.8,0.8,0.76,0.8,32243
2022-12-16,0.8,0.808,0.76,0.808,23875
2022-12-19,0.778,0.8,0.76,0.79,12384
2022-12-20,0.798,0.798,0.72,0.75,16851
2022-12-21,0.75,0.798,0.702,0.702,4505
2022-12-22,0.7,0.728,0.7,0.728,9159
2022-12-23,0.786,0.786,0.7,0.758,19585
2022-12-27,0.712,0.75,0.712,0.72,17455
2022-12-28,0.72,0.72,0.702,0.72,30241
2022-12-29,0.742,0.76,0.67,0.758,28200
2022-12-30,0.756,0.756,0.72,0.752,1205
2023-01-02,0.754,0.754,0.712,0.754,12929
2023-01-03,0.754,0.754,0.734,0.746,862
2023-01-04,0.746,0.748,0.74,0.748,6298
2023-01-05,0.748,0.748,0.74,0.748,394
2023-01-09,0.748,0.748,0.71,0.72,1753
2023-01-10,0.746,0.746,0.71,0.744,4349
2023-01-11,0.746,0.746,0.71,0.744,842
2023-01-12,0.744,0.744,0.7,0.744,3519
2023-01-13,0.732,0.746,0.73,0.73,24648
2023-01-16,0.73,0.73,0.69,0.718,12841
2023-01-17,0.746,0.746,0.682,0.716,7230
2023-01-18,0.746,0.746,0.746,0.746,10
2023-01-19,0.744,0.744,0.716,0.716,149
2023-01-20,0.718,0.72,0.68,0.7,6534
2023-01-23,0.7,0.712,0.67,0.7,4797
2023-01-24,0.7,0.7,0.67,0.67,110
2023-01-25,0.7,0.7,0.64,0.64,55293
2023-01-26,0.64,0.66,0.64,0.66,3838
2023-01-27,0.7,0.7,0.7,0.7,2
2023-01-30,0.692,0.96,0.632,0.92,210730
2023-01-31,0.99,1.23,0.98,1.225,255058
2023-02-01,1.355,1.49,1.195,1.195,356026
2023-02-02,1.19,1.48,1.19,1.39,221983
2023-02-03,1.4,1.68,1.39,1.52,367320
2023-02-06,1.54,1.585,1.315,1.36,134642
2023-02-07,1.38,1.38,1.23,1.23,93878
2023-02-08,1.26,1.375,1.25,1.3,58286
2023-02-09,1.32,1.355,1.205,1.21,27179
2023-02-10,1.265,1.265,1.21,1.22,6429
2023-02-13,1.21,1.315,1.13,1.13,67386
2023-02-14,1.13,1.13,1.035,1.095,53732
2023-02-15,1.085,1.085,0.93,1.025,40740
2023-02-16,1,1.075,0.948,1.075,56058
2023-02-17,1.04,1.1,0.992,1.1,12845
2023-02-20,1.145,1.145,1.06,1.1,10643
2023-02-21,1.115,1.115,1.05,1.095,2296
2023-02-22,1.095,1.095,1.05,1.08,612
2023-02-23,1.1,1.1,1.04,1.1,3066
2023-02-24,1.095,1.095,1.04,1.09,2258
2023-02-27,1.08,1.08,1.04,1.08,4883
2023-02-28,1.08,1.08,1.02,1.08,2769
2023-03-01,1.07,1.07,1.015,1.07,726
2023-03-02,1.07,1.07,1.01,1.05,5017
2023-03-03,1.05,1.07,1.05,1.05,606
2023-03-06,1.065,1.065,1.065,1.065,10
2023-03-07,1.05,1.53,1.03,1.53,392143
2023-03-08,1.59,2,1.44,1.85,822983
2023-03-09,1.76,1.93,1.56,1.61,193483
2023-03-10,1.55,1.795,1.52,1.67,180591
2023-03-13,1.67,1.69,1.36,1.55,220351
2023-03-14,1.6,1.645,1.44,1.485,90444
2023-03-15,1.5,1.52,1.35,1.42,75131
2023-03-16,1.415,1.425,1.32,1.405,31352
2023-03-17,1.42,1.48,1.3,1.34,32595
2023-03-20,1.3,1.395,1.245,1.27,16315
2023-03-21,1.3,1.37,1.185,1.2,112425
2023-03-22,1.235,1.27,1.14,1.24,46397
2023-03-23,1.24,1.295,1.24,1.265,4109
2023-03-24,1.29,1.29,1.165,1.17,28555
2023-03-27,1.245,1.245,1.155,1.215,33787
2023-03-28,1.165,1.23,1.15,1.2,21840
2023-03-29,1.195,1.195,1.125,1.16,19287
2023-03-30,1.185,1.195,1.07,1.105,62768
2023-03-31,1.12,1.33,1.12,1.18,86695
2023-04-03,1.25,1.265,1.19,1.25,33614
2023-04-04,1.265,1.525,1.2,1.42,230361
2023-04-05,1.42,1.535,1.325,1.36,114901
2023-04-06,1.43,1.43,1.29,1.32,37073
2023-04-11,1.355,1.415,1.315,1.4,18553
2023-04-12,1.415,1.785,1.405,1.56,272345
2023-04-13,1.54,1.54,1.395,1.475,85318
2023-04-14,1.45,1.47,1.38,1.42,46353
2023-04-17,1.44,1.44,1.38,1.425,14685
2023-04-18,1.42,1.46,1.405,1.415,54842
2023-04-19,1.45,1.45,1.365,1.4,11079
2023-04-20,1.44,1.55,1.405,1.52,42000
2023-04-21,1.545,1.63,1.485,1.625,113084
2023-04-24,1.6,1.6,1.46,1.47,47961
2023-04-25,1.51,1.51,1.45,1.49,10197
2023-04-26,1.49,1.49,1.435,1.47,13765
2023-04-27,1.47,1.47,1.405,1.455,17768
2023-04-28,1.4,1.44,1.37,1.37,19562
2023-05-02,1.36,1.36,1.225,1.35,33145
2023-05-04,1.35,1.385,1.3,1.385,16217
2023-05-05,1.4,1.405,1.315,1.385,8838
2023-05-08,1.395,1.395,1.29,1.39,13620
2023-05-09,1.39,1.39,1.32,1.37,10729
2023-05-10,1.39,1.39,1.335,1.365,1235
2023-05-11,1.36,1.405,1.335,1.405,22811
2023-05-12,1.405,1.405,1.345,1.4,995
2023-05-15,1.4,1.4,1.345,1.4,13
2023-05-16,1.38,1.38,1.345,1.345,3013
2023-05-17,1.38,1.38,1.305,1.345,19830
2023-05-18,1.345,1.35,1.31,1.35,1929
2023-05-19,1.35,1.35,1.31,1.35,4104
2023-05-22,1.305,1.345,1.305,1.345,5545
2023-05-23,1.345,1.35,1.305,1.34,3385
2023-05-24,1.34,1.34,1.315,1.32,1731
2023-05-25,1.32,1.33,1.32,1.32,5931
2023-05-26,1.33,1.34,1.31,1.33,3402
2023-05-29,1.35,1.4,1.35,1.4,11736
2023-05-30,1.4,1.42,1.355,1.355,12126
2023-05-31,1.4,1.4,1.34,1.36,6710
2023-06-01,1.365,1.375,1.245,1.36,18951
2023-06-02,1.31,1.34,1.295,1.34,2504
2023-06-05,1.295,1.33,1.295,1.33,545
2023-06-06,1.34,1.34,1.285,1.34,2604
2023-06-07,1.34,1.365,1.33,1.365,8733
2023-06-09,1.365,1.395,1.34,1.395,4785
2023-06-12,1.395,1.4,1.3,1.395,6287
2023-06-13,1.395,1.395,1.305,1.365,6626
2023-06-14,1.365,1.37,1.32,1.37,4944
2023-06-15,1.37,1.37,1.32,1.37,743
2023-06-16,1.37,1.37,1.37,1.37,2
2023-06-19,1.37,1.37,1.32,1.32,8900
2023-06-20,1.32,1.32,1.305,1.305,1796
2023-06-21,1.36,1.36,1.36,1.36,36
2023-06-22,1.355,1.355,1.285,1.34,1283
2023-06-23,1.34,1.355,1.285,1.35,265
2023-06-26,1.35,1.35,1.285,1.35,361
2023-06-27,1.34,1.34,1.285,1.285,516
2023-06-28,1.335,1.335,1.285,1.33,32
2023-06-29,1.33,1.335,1.29,1.335,1597
2023-06-30,1.335,1.335,1.28,1.335,1213
2023-07-03,1.33,1.33,1.27,1.325,2943
2023-07-04,1.295,1.295,1.24,1.25,13204
2023-07-05,1.27,1.27,1.25,1.27,8497
2023-07-06,1.27,1.27,1.215,1.265,2543
2023-07-07,1.265,1.265,1.235,1.265,3156
2023-07-10,1.27,1.32,1.27,1.315,5138
2023-07-11,1.32,1.32,1.29,1.29,313
2023-07-12,1.315,1.315,1.23,1.31,3698
2023-07-13,1.305,1.305,1.24,1.305,2048
2023-07-14,1.315,1.315,1.235,1.315,3574
2023-07-17,1.3,1.3,1.235,1.28,16688
2023-07-18,1.3,1.3,1.3,1.3,2
2023-07-19,1.3,1.33,1.25,1.325,11100
2023-07-20,1.325,1.325,1.255,1.325,13
2023-07-21,1.31,1.31,1.31,1.31,301
2023-07-24,1.31,1.345,1.3,1.345,14638
2023-07-25,1.35,1.35,1.28,1.35,2517
2023-07-26,1.37,1.37,1.28,1.28,5559
2023-07-27,1.28,1.35,1.28,1.32,5567
2023-07-28,1.32,1.34,1.32,1.34,2311
2023-07-31,1.355,1.355,1.355,1.355,2
2023-08-01,1.35,1.35,1.28,1.3,1583
2023-08-02,1.34,1.345,1.28,1.345,8397
2023-08-03,1.345,1.345,1.3,1.3,6510
2023-08-04,1.345,1.345,1.255,1.34,1678
2023-08-07,1.345,1.345,1.345,1.345,10
2023-08-08,1.345,1.345,1.26,1.27,2850
2023-08-09,1.33,1.335,1.29,1.29,848
2023-08-10,1.325,1.325,1.28,1.3,6340
2023-08-11,1.35,1.35,1.34,1.34,4190
2023-08-14,1.35,1.35,1.3,1.305,5510
2023-08-16,1.35,1.36,1.31,1.32,4646
2023-08-17,1.37,1.37,1.305,1.35,166
2023-08-18,1.32,1.35,1.305,1.32,4628
2023-08-21,1.345,1.345,1.345,1.345,10
2023-08-22,1.345,1.345,1.275,1.28,4631
2023-08-23,1.32,1.32,1.19,1.19,12596
2023-08-24,1.25,1.255,1.155,1.21,3565
2023-08-25,1.155,1.21,1.155,1.21,131
2023-08-28,1.16,1.21,1.16,1.21,20
2023-08-29,1.21,1.21,1.21,1.21,33
2023-08-30,1.21,1.21,1.21,1.21,10
2023-08-31,1.21,1.21,1.155,1.2,6182
2023-09-01,1.19,1.24,1.16,1.24,5031
2023-09-04,1.24,1.24,1.18,1.2,1245
2023-09-05,1.2,1.235,1.195,1.235,3515
2023-09-06,1.24,1.24,1.22,1.24,6019
2023-09-07,1.24,1.24,1.165,1.21,2144
2023-09-08,1.18,1.21,1.165,1.21,11082
2023-09-11,1.165,1.21,1.165,1.21,17
2023-09-12,1.21,1.215,1.165,1.215,1605
2023-09-13,1.215,1.22,1.165,1.19,5136
2023-09-14,1.19,1.2,1.19,1.2,2894
2023-09-15,1.2,1.2,1.2,1.2,411
2023-09-18,1.18,1.195,1.175,1.175,345
2023-09-19,1.17,1.245,1.165,1.2,15347
2023-09-20,1.17,1.2,1.17,1.2,3068
2023-09-21,1.19,1.2,1.19,1.2,650
2023-09-22,1.175,1.2,1.165,1.2,3662
2023-09-25,1.16,1.195,1.15,1.15,6013
2023-09-26,1.12,1.15,1.12,1.15,502
2023-09-27,1.15,1.15,1.125,1.15,810
2023-09-28,1.15,1.15,1.15,1.15,210
2023-09-29,1.15,1.15,1.105,1.145,3986
2023-10-02,1.075,1.105,1.04,1.095,14140
2023-10-03,1.095,1.095,1.095,1.095,10
2023-10-04,0.99,0.99,0.8,0.8,40882
2023-10-05,0.828,0.858,0.81,0.852,3695
2023-10-06,0.858,0.94,0.82,0.858,11014
2023-10-09,0.898,0.898,0.858,0.858,649
2023-10-10,0.88,0.88,0.84,0.87,1265
2023-10-11,0.878,0.878,0.87,0.87,737
2023-10-12,0.878,0.878,0.87,0.87,260
2023-10-13,0.878,0.878,0.878,0.878,10
2023-10-16,0.87,0.87,0.84,0.87,177
2023-10-17,0.878,0.878,0.878,0.878,1510
2023-10-18,0.876,0.876,0.86,0.86,943
2023-10-19,0.868,0.868,0.828,0.852,7422
2023-10-20,0.866,0.866,0.81,0.85,3335
2023-10-23,0.866,0.866,0.866,0.866,10
2023-10-24,0.866,0.866,0.802,0.832,5228
2023-10-25,0.858,0.858,0.832,0.832,94
2023-10-26,0.83,0.83,0.82,0.82,36
2023-10-27,0.79,0.82,0.79,0.82,1514
2023-10-30,0.818,0.818,0.782,0.818,118
2023-10-31,0.818,0.818,0.77,0.77,4793
2023-11-02,0.778,0.78,0.74,0.74,841
2023-11-03,0.76,0.76,0.74,0.758,1089
2023-11-06,0.758,0.758,0.74,0.75,4665
2023-11-07,0.75,0.75,0.75,0.75,10
2023-11-08,0.75,0.75,0.74,0.74,45
2023-11-09,0.74,0.74,0.738,0.74,560
2023-11-10,0.73,0.74,0.69,0.74,11161
2023-11-13,0.74,0.74,0.674,0.72,6560
2023-11-14,0.674,0.728,0.674,0.728,2069
2023-11-15,0.71,0.71,0.674,0.71,2026
2023-11-16,0.708,0.708,0.69,0.708,33
2023-11-17,0.708,0.708,0.708,0.708,485
2023-11-20,0.708,0.708,0.708,0.708,128
2023-11-21,0.708,0.708,0.708,0.708,10
2023-11-22,0.708,0.708,0.688,0.708,41
2023-11-23,0.708,0.708,0.688,0.708,1015
2023-11-24,0.708,0.708,0.688,0.708,1436
2023-11-27,0.7,0.7,0.682,0.698,2374
2023-11-28,0.698,0.698,0.67,0.68,1544
2023-11-29,0.68,0.68,0.65,0.68,6383
2023-11-30,0.68,0.68,0.65,0.67,482
2023-12-01,0.68,0.68,0.64,0.65,139049
2023-12-04,0.65,0.65,0.64,0.65,7311
2023-12-05,0.65,0.65,0.63,0.65,57013
2023-12-06,0.646,0.646,0.638,0.64,1685
2023-12-07,0.65,0.65,0.64,0.64,65
2023-12-08,0.648,0.648,0.63,0.648,4607
2023-12-11,0.648,0.658,0.63,0.658,4773
2023-12-12,0.658,0.658,0.632,0.658,615
2023-12-13,0.65,0.65,0.63,0.64,4267
2023-12-14,0.64,0.642,0.64,0.642,282
2023-12-15,0.64,0.64,0.63,0.64,1145
2023-12-18,0.64,0.64,0.62,0.62,3562
2023-12-19,0.618,0.62,0.58,0.6,13143
2023-12-20,0.6,0.6,0.56,0.6,5659
2023-12-21,0.56,0.6,0.54,0.568,11625
2023-12-22,0.568,0.568,0.534,0.536,19091
2023-12-27,0.536,0.544,0.536,0.54,19989
2023-12-28,0.544,0.598,0.544,0.598,10642
2023-12-29,0.598,0.634,0.598,0.63,25791
2024-01-02,0.63,0.63,0.59,0.592,4077
2024-01-03,0.61,0.61,0.6,0.61,1996
2024-01-04,0.61,0.724,0.61,0.724,26203
2024-01-05,0.782,0.86,0.782,0.86,33820
2024-01-08,0.99,1.085,0.98,1.085,184993
2024-01-10,1.3,1.43,1.3,1.43,133598
2024-01-11,1.64,1.8,1.64,1.8,27484
2024-01-15,1.95,1.95,1.425,1.57,235770
2024-01-16,1.55,1.55,1.26,1.3,152533
2024-01-17,1.2,1.28,1.1,1.1,93411
2024-01-18,1.09,1.38,1.06,1.38,85016
2024-01-19,1.39,1.48,1.2,1.28,132562
2024-01-22,1.26,1.355,1.18,1.225,52445
2024-01-23,1.26,1.26,1.17,1.17,15791
2024-01-24,1.17,1.185,1.12,1.175,15925
2024-01-25,1.175,1.175,1.08,1.115,19675
2024-01-26,1.14,1.15,1.03,1.03,15474
2024-01-29,1.055,1.28,1.055,1.28,137984
2024-01-30,1.31,1.31,1.18,1.215,72794
2024-01-31,1.215,1.23,1.175,1.175,33025
2024-02-01,1.155,1.2,1.155,1.2,6519
2024-02-02,1.2,1.2,1.155,1.2,2192
2024-02-05,1.2,1.2,1.1,1.125,12520
2024-02-06,1.185,1.29,1.14,1.26,44956
2024-02-07,1.26,1.26,1.16,1.22,5985
2024-02-08,1.17,1.245,1.15,1.22,11754
2024-02-09,1.21,1.21,1.155,1.19,2739
2024-02-12,1.19,1.19,1.13,1.18,20824
2024-02-13,1.195,1.43,1.195,1.31,270266
2024-02-14,1.21,1.31,1.21,1.27,13431
2024-02-15,1.29,1.305,1.22,1.29,24885
2024-02-16,1.29,1.29,1.22,1.255,6564
2024-02-19,1.27,1.3,1.19,1.19,28007
2024-02-20,1.19,1.25,1.185,1.22,20150
2024-02-21,1.225,1.225,1.19,1.19,6030
2024-02-22,1.24,1.24,1.18,1.22,27233
2024-02-23,1.22,1.225,1.17,1.22,25678
2024-02-26,1.245,1.245,1.18,1.24,14914
2024-02-27,1.24,1.24,1.19,1.235,6521
2024-02-28,1.23,1.23,1.19,1.23,2445
2024-02-29,1.235,1.235,1.2,1.225,1257
2024-03-01,1.25,1.28,1.2,1.24,2334
2024-03-04,1.225,1.225,1.195,1.225,1992
2024-03-05,1.24,1.24,1.195,1.195,3788
2024-03-06,1.22,1.22,1.17,1.19,6205
2024-03-07,1.17,1.19,1.13,1.17,13246
2024-03-08,1.17,1.18,1.13,1.18,12991
2024-03-11,1.23,1.6,1.18,1.34,622947
2024-03-12,1.375,1.4,1.2,1.26,150823
2024-03-13,1.26,1.28,1.14,1.25,57135
2024-03-14,1.25,1.28,1.165,1.24,35560
2024-03-15,1.24,1.24,1.14,1.16,59832
2024-03-18,1.13,1.19,1.12,1.12,19646
2024-03-19,1.175,1.175,1.1,1.115,9025
2024-03-20,1.165,1.19,1.105,1.175,11545
2024-03-21,1.135,1.14,1.08,1.14,21545
2024-03-22,1.185,1.185,1.09,1.175,6942
2024-03-25,1.195,1.4,1.195,1.25,268767
2024-03-26,1.23,1.27,1.16,1.23,33716
2024-03-27,1.215,1.215,1.15,1.21,23497
2024-03-28,1.13,1.2,1.1,1.185,13759
2024-04-02,1.18,1.185,1.15,1.15,9054
2024-04-03,1.175,1.175,1.155,1.17,5057
2024-04-04,1.165,1.19,1.15,1.185,3853
2024-04-05,1.21,1.21,1.12,1.165,29222
2024-04-08,1.165,1.165,1.12,1.14,1797
2024-04-09,1.195,1.195,1.12,1.12,11948
2024-04-10,1.16,1.16,1.1,1.145,12516
2024-04-11,1.16,1.16,1.08,1.14,11500
2024-04-12,1.145,1.145,1.105,1.14,647
2024-04-15,1.14,1.145,1.135,1.135,20
2024-04-16,1.135,1.135,1.11,1.13,61
2024-04-17,1.135,1.135,1.105,1.135,2872
2024-04-18,1.135,1.135,1.11,1.135,375
2024-04-19,1.135,1.135,1.12,1.135,4010
2024-04-22,1.135,1.135,1.055,1.135,6158
2024-04-23,1.135,1.135,1.1,1.13,1112
2024-04-24,1.135,1.135,1.135,1.135,10
2024-04-25,1.135,1.135,1.095,1.13,112
2024-04-26,1.115,1.115,1.115,1.115,22
2024-04-29,1.115,1.12,1.06,1.115,4238
2024-04-30,1.105,1.105,1.065,1.105,2054
2024-05-02,1.105,1.105,1.065,1.1,2685
2024-05-06,1.1,1.1,1.055,1.095,4021
2024-05-07,1.095,1.095,1.055,1.055,1969
2024-05-08,1.09,1.09,1.055,1.08,2381
2024-05-09,1.08,1.09,1.08,1.08,3675
2024-05-10,1.09,1.09,1.06,1.09,220
2024-05-13,1.09,1.135,1.055,1.12,7447
2024-05-14,1.12,1.12,1.115,1.115,59
2024-05-15,1.12,1.12,1.115,1.115,2029
2024-05-16,1.115,1.115,1.06,1.105,15775
2024-05-17,1.105,1.105,1.06,1.1,3305
2024-05-20,1.105,1.105,1.055,1.105,5546
2024-05-21,1.105,1.105,1.06,1.09,2153
2024-05-22,1.055,1.09,1.055,1.09,1010
2024-05-23,1.09,1.09,1.055,1.09,3025
2024-05-24,1.09,1.09,1.04,1.04,6919
2024-05-27,1.04,1.115,1,1.105,34448
2024-05-28,1.1,1.1,1.045,1.085,470
2024-05-29,1.085,1.095,1.085,1.095,143
2024-05-31,1.09,1.09,1.05,1.08,126
2024-06-03,1.085,1.085,1.02,1.075,6772
2024-06-04,1.075,1.075,1.075,1.075,10
2024-06-05,1.075,1.075,1.02,1.075,1015
2024-06-06,1.075,1.075,1.075,1.075,10
2024-06-07,1.02,1.07,1.005,1.05,3021
2024-06-10,1.065,1.065,1,1.065,2026
2024-06-11,1.065,1.065,1.065,1.065,10
2024-06-12,1.05,1.05,0.97,1.02,3906
2024-06-13,1.02,1.02,0.922,0.98,11908
2024-06-14,0.98,0.98,0.98,0.98,10
2024-06-17,0.98,0.98,0.98,0.98,50
2024-06-18,0.98,0.98,0.924,0.97,38
2024-06-19,0.98,1.15,0.97,1.12,41495
2024-06-20,1.13,1.165,1.02,1.07,55623
2024-06-21,1.07,1.095,1.01,1.095,2048
2024-06-24,1.095,1.13,1.04,1.115,32914
2024-06-25,1.15,1.15,1.08,1.115,2480
2024-06-26,1.105,1.105,1.025,1.095,3986
2024-06-27,0.992,1.085,0.992,1.085,14633
2024-06-28,1.075,1.33,1.075,1.16,124321
2024-07-01,1.12,1.295,1.11,1.145,98318
2024-07-02,1.14,1.16,1.07,1.07,48303
2024-07-03,1.13,1.13,1.125,1.13,3981
2024-07-04,1.135,1.135,1.065,1.1,6408
2024-07-05,1.115,1.12,1.115,1.12,459
2024-07-08,1.09,1.135,1.055,1.135,9513
2024-07-09,1.125,1.125,1.085,1.1,1522
2024-07-10,1.055,1.08,1.055,1.08,130
2024-07-11,1.085,1.085,1.055,1.07,714
2024-07-12,1.075,1.075,1.055,1.07,245
2024-07-15,1.07,1.07,1.045,1.07,1101
2024-07-16,1.045,1.07,1.025,1.025,4949
2024-07-17,1.04,1.04,1.015,1.025,10936
2024-07-18,1.04,1.04,0.98,1.005,16272
2024-07-19,1.04,1.04,1.04,1.04,8867
2024-07-22,1.04,1.04,1.005,1.01,2677
2024-07-23,1.025,1.025,1.025,1.025,2
2024-07-24,1.025,1.025,1.025,1.025,1
2024-07-25,1.025,1.025,1.025,1.025,2
2024-07-26,1.025,1.025,1.025,1.025,2
2024-07-29,1.02,1.02,1.02,1.02,1
2024-07-30,1.015,1.02,0.95,1.02,17016
2024-07-31,0.966,0.966,0.96,0.96,1245
2024-08-01,1,1,0.91,0.964,10411
2024-08-02,0.964,1.02,0.964,0.98,1169
2024-08-05,1.015,1.015,0.91,0.978,9232
2024-08-06,0.978,0.978,0.978,0.978,10
2024-08-07,0.95,0.95,0.922,0.94,91
2024-08-08,0.938,0.938,0.924,0.938,2445
2024-08-09,0.938,0.95,0.922,0.924,3043
2024-08-12,0.924,0.924,0.91,0.91,3370
2024-08-13,0.94,0.94,0.912,0.912,190
2024-08-14,0.938,0.938,0.91,0.91,235
2024-08-16,0.938,0.938,0.88,0.888,44104
2024-08-19,0.908,0.918,0.864,0.864,6313
2024-08-20,0.89,0.89,0.87,0.87,1144
2024-08-21,0.888,0.888,0.84,0.868,2387
2024-08-22,0.868,0.898,0.868,0.898,5236
2024-08-23,0.862,0.898,0.862,0.898,2203
2024-08-26,0.87,0.938,0.87,0.938,6610
2024-08-27,0.938,0.938,0.92,0.938,343
2024-08-28,0.938,0.938,0.938,0.938,10
2024-08-29,0.9,0.938,0.9,0.92,3102
2024-08-30,0.938,0.938,0.9,0.938,2105
2024-09-02,0.938,0.938,0.87,0.938,27900
2024-09-03,0.938,0.938,0.938,0.938,10
2024-09-04,0.93,0.93,0.93,0.93,10
2024-09-05,0.93,0.93,0.882,0.916,91
2024-09-06,0.928,0.928,0.928,0.928,10
2024-09-09,0.928,0.928,0.866,0.914,10745
2024-09-10,0.914,0.914,0.87,0.914,8720
2024-09-11,0.914,0.914,0.872,0.914,3015
2024-09-12,0.91,0.91,0.866,0.906,3723
2024-09-13,0.906,0.906,0.83,0.87,11461
2024-09-16,0.88,0.908,0.862,0.908,251
2024-09-17,0.908,0.908,0.818,0.908,36863
2024-09-18,0.906,0.906,0.822,0.906,1304
2024-09-19,0.83,0.9,0.83,0.9,5537
2024-09-20,0.89,0.89,0.832,0.85,561
2024-09-23,0.83,0.888,0.828,0.868,7694
2024-09-24,0.87,0.89,0.87,0.87,606
2024-09-25,0.88,0.88,0.868,0.878,10155
2024-09-26,0.878,0.88,0.83,0.876,10778
2024-09-27,0.83,0.874,0.83,0.874,500
2024-09-30,0.874,0.874,0.836,0.848,7244
2024-10-01,0.848,0.85,0.848,0.848,4010
2024-10-02,0.858,0.858,0.85,0.85,5056
2024-10-03,0.858,0.858,0.854,0.856,5079
2024-10-04,0.858,0.858,0.85,0.85,169
2024-10-07,0.858,0.858,0.85,0.856,42
2024-10-08,0.85,0.856,0.81,0.84,7488
2024-10-09,0.854,0.854,0.802,0.854,45
2024-10-10,0.854,0.854,0.84,0.84,2022
2024-10-11,0.84,0.84,0.81,0.81,995
2024-10-14,0.83,0.83,0.83,0.83,10
2024-10-15,0.83,0.836,0.802,0.836,1604
2024-10-16,0.836,0.836,0.802,0.836,130
2024-10-17,0.836,0.836,0.83,0.83,5010
2024-10-18,0.838,0.838,0.83,0.83,4091
2024-10-21,0.838,0.838,0.83,0.83,1222
2024-10-22,0.838,0.838,0.83,0.83,4709
2024-10-23,0.838,0.838,0.804,0.804,5074
2024-10-24,0.826,0.826,0.826,0.826,10
2024-10-25,0.824,0.824,0.824,0.824,2
2024-10-28,0.824,0.824,0.806,0.81,2031
2024-10-29,0.824,0.824,0.8,0.824,70
2024-10-30,0.824,0.824,0.8,0.8,2545
2024-10-31,0.824,0.824,0.824,0.824,2010
2024-11-04,0.824,0.824,0.824,0.824,10
2024-11-05,0.824,0.824,0.824,0.824,10
2024-11-06,0.824,0.824,0.81,0.81,1089
2024-11-07,0.824,0.824,0.824,0.824,1
2024-11-08,0.822,0.822,0.822,0.822,1
2024-11-12,0.822,0.822,0.812,0.812,22
2024-11-13,0.822,0.822,0.822,0.822,10
2024-11-14,0.822,0.822,0.81,0.822,48
2024-11-15,0.822,0.822,0.822,0.822,1010
2024-11-18,0.822,0.822,0.81,0.81,33
2024-11-19,0.818,0.818,0.79,0.8,7695
2024-11-20,0.8,0.8,0.78,0.78,8324
2024-11-21,0.78,0.82,0.78,0.78,338
2024-11-22,0.78,0.8,0.78,0.8,1458
2024-11-25,0.79,0.79,0.78,0.78,4369
2024-11-26,0.78,0.79,0.78,0.79,350
2024-11-27,0.79,0.79,0.78,0.78,1346
2024-11-28,0.77,0.78,0.77,0.78,205
2024-11-29,0.78,0.78,0.78,0.78,10
2024-12-02,0.78,0.78,0.77,0.78,1023
2024-12-03,0.77,0.77,0.77,0.77,823
2024-12-04,0.77,0.77,0.702,0.702,11110
2024-12-05,0.738,0.74,0.702,0.74,5789
2024-12-06,0.702,0.74,0.702,0.74,2842
2024-12-09,0.74,0.74,0.728,0.73,725
2024-12-10,0.73,0.73,0.73,0.73,210
2024-12-11,0.73,0.73,0.7,0.73,3829
2024-12-12,0.728,0.728,0.728,0.728,10
2024-12-13,0.7,0.728,0.7,0.728,596
2024-12-16,0.728,0.728,0.66,0.72,17079
2024-12-17,0.728,0.728,0.65,0.69,5320
2024-12-18,0.692,0.692,0.652,0.692,685
2024-12-19,0.72,0.72,0.652,0.652,704
2024-12-20,0.652,0.652,0.646,0.646,6219
2024-12-23,0.69,0.69,0.624,0.67,20555
2024-12-27,0.658,0.67,0.658,0.658,4049
2024-12-30,0.67,0.69,0.648,0.69,29477
2025-01-02,0.69,0.69,0.652,0.67,3272
2025-01-03,0.67,0.686,0.67,0.686,13404
2025-01-07,0.68,0.71,0.68,0.686,6033
2025-01-08,0.75,0.824,0.686,0.75,201337
2025-01-09,0.77,0.778,0.74,0.74,28224
2025-01-10,0.808,0.808,0.736,0.736,13714
2025-01-13,0.74,0.764,0.692,0.736,39101
2025-01-14,0.698,0.74,0.694,0.738,30800
2025-01-15,0.738,0.758,0.702,0.736,5137
2025-01-16,0.736,0.736,0.736,0.736,2
2025-01-17,0.736,0.736,0.708,0.736,2452
2025-01-20,0.728,0.968,0.728,0.968,481263
2025-01-21,1.23,1.23,0.93,0.93,824363
2025-01-22,0.902,1.13,0.882,1.11,444190
2025-01-23,1.12,1.44,1.12,1.44,438919
2025-01-24,1.5,1.5,1.115,1.225,419283
2025-01-27,1.16,1.275,1.13,1.19,210207
2025-01-28,1.15,1.305,1.14,1.2,243554
2025-01-29,1.2,1.245,1.095,1.165,204546
2025-01-30,1.16,1.385,1.095,1.29,272608
2025-01-31,1.275,1.3,1.15,1.2,230920
2025-02-03,1.23,1.23,1.14,1.14,49626
2025-02-04,1.175,1.415,1.135,1.41,490898
2025-02-05,1.6,1.72,1.44,1.56,1395560
2025-02-06,1.6,1.845,1.6,1.845,931957
2025-02-07,1.78,1.91,1.625,1.76,717476
2025-02-10,1.755,1.85,1.58,1.63,417531
2025-02-11,1.58,1.735,1.525,1.69,415094
2025-02-12,1.715,1.72,1.6,1.62,156530
2025-02-13,1.67,1.815,1.58,1.745,215961
2025-02-14,1.745,2.08,1.655,1.97,587628
2025-02-17,1.98,2,1.835,1.89,136287
2025-02-18,1.89,1.935,1.775,1.82,240658
2025-02-19,1.81,1.95,1.735,1.91,490336
2025-02-20,1.94,2.28,1.94,2.18,924152
2025-02-21,2.19,2.19,2.04,2.04,261076
2025-02-24,2.03,2.13,1.92,1.98,206707
2025-02-25,1.975,2.08,1.925,2,72817
2025-02-26,2.01,2.06,1.92,2.03,103919
2025-02-27,1.97,2.03,1.895,1.9,66751
2025-02-28,1.86,1.87,1.7,1.72,276341
2025-03-03,1.72,1.795,1.72,1.79,26232
2025-03-04,1.74,1.785,1.61,1.65,46671
2025-03-05,1.62,1.745,1.61,1.74,56604
2025-03-06,1.745,1.915,1.73,1.775,191570
2025-03-07,1.8,1.8,1.72,1.72,11183
2025-03-10,1.765,1.765,1.6,1.61,99036
2025-03-11,1.59,1.59,1.46,1.485,205033
2025-03-12,1.465,1.55,1.46,1.5,108877
2025-03-13,1.5,1.5,1.42,1.44,262652
2025-03-14,1.43,1.46,1.41,1.42,161675
2025-03-17,1.42,1.46,1.35,1.375,142203
2025-03-18,1.375,1.405,1.29,1.315,147655
2025-03-19,1.325,1.52,1.08,1.19,1647789
2025-03-20,1.17,1.175,1.02,1.03,456286
2025-03-21,1.025,1.09,1,1.05,175229
2025-03-24,1.04,1.27,1.04,1.17,912820
2025-03-25,1.27,1.845,1.27,1.845,1925394
2025-03-26,1.95,2.14,1.73,1.73,2568411
2025-03-27,1.795,2.22,1.725,2.22,1227598
2025-03-28,2.55,2.78,2.1,2.18,2126690
2025-03-31,2.2,2.29,1.855,1.97,1354249
2025-04-01,2,2.1,1.72,1.75,687578
2025-04-02,1.745,1.78,1.6,1.62,459942
2025-04-03,1.54,1.95,1.515,1.82,993254
2025-04-04,1.8,1.86,1.62,1.62,385047
2025-04-07,1.48,1.66,1.22,1.61,1498734
2025-04-08,1.8,1.89,1.735,1.81,542325
2025-04-09,1.74,2.07,1.715,2.02,723195
2025-04-10,2.1,2.28,2.04,2.18,877959
2025-04-11,2.1,2.16,1.97,1.995,430487
2025-04-14,2.05,2.5,2.05,2.36,1031795
2025-04-15,2.34,2.86,2.27,2.86,1360662
2025-04-16,3.02,3.46,2.95,3.23,1273916
2025-04-17,3.13,3.21,2.87,3,782437
2025-04-22,3.15,3.38,3.05,3.2,443803
2025-04-23,3.18,3.2,2.94,3.1,212452
2025-04-24,3.2,3.2,2.88,2.92,242134
2025-04-25,2.91,3.17,2.75,3,315717
2025-04-28,3,3.7,3,3.33,890070
2025-04-29,3.3,3.34,2.96,3,484997
2025-04-30,2.97,3.18,2.8,2.95,313364
2025-05-02,2.92,3.03,2.75,2.88,222286
2025-05-05,2.88,2.95,2.76,2.81,125008
2025-05-06,2.82,3.15,2.75,2.87,548956
2025-05-07,2.9,2.98,2.81,2.86,134968
2025-05-08,2.85,2.96,2.82,2.83,84008
2025-05-09,2.83,2.89,2.74,2.85,121796
2025-05-12,2.9,3.15,2.9,3.04,290681
2025-05-13,3.04,3.12,2.94,3.02,91513
2025-05-14,2.91,3.2,2.9,3.15,148828
2025-05-15,3.12,3.16,3.01,3.01,42195
2025-05-16,3.05,3.71,2.96,3.48,492036
2025-05-19,3.4,4.11,3.4,4.1,617008
2025-05-20,4,4.14,3.76,3.85,353571
2025-05-21,3.87,4.65,3.72,4.57,502254
2025-05-22,4.5,4.93,4.43,4.6,423064
2025-05-23,4.65,4.85,4.2,4.25,322147
2025-05-26,4.5,4.8,4.4,4.71,326536
2025-05-27,4.8,5.26,4.8,5.16,363709
2025-05-28,5.3,5.5,4.8,4.88,415753
2025-05-29,5,6.32,4.79,6.32,691347
2025-05-30,6.5,8.1,6.3,8.1,1133901
2025-06-02,7.02,8,6.06,6.08,1252437
2025-06-03,6.1,6.7,5.16,5.28,982541
2025-06-04,5.28,6.3,5.06,5.72,727054
2025-06-05,5.8,5.92,4.7,4.7,852868
2025-06-06,4.7,5.06,4.32,4.69,595474
2025-06-09,4.7,5.36,4.7,5.18,413188
2025-06-10,5.18,5.68,5.02,5.32,525791
2025-06-11,5.5,5.74,5.04,5.3,253987
2025-06-12,5.3,5.5,5.08,5.18,111042
2025-06-13,5.18,5.3,4.72,4.72,196577
2025-06-16,4.85,5.88,4.85,5.88,502711
2025-06-17,5.32,5.6,4.32,4.32,1479775
2025-06-18,4.43,4.76,3.92,4.45,1072650
2025-06-20,4.5,4.6,4.22,4.4,185458
2025-06-23,4.35,4.35,3.8,3.95,515096
2025-06-24,3.96,4.44,3.62,4.21,667775
2025-06-25,4.22,5.14,4.1,4.91,869737
2025-06-26,5.1,6,5.1,5.68,924339
2025-06-27,6.7,6.78,5.72,5.94,842965
2025-06-30,6.06,6.36,5.46,5.46,437645
2025-07-01,5.42,5.54,5,5.16,295594
2025-07-02,5.06,5.4,5.06,5.18,96099
2025-07-03,5.18,5.42,5.06,5.36,89485
2025-07-04,5.22,5.4,4.91,5.08,128599
2025-07-07,5.08,5.3,4.92,5.22,107979
2025-07-08,5.22,5.22,4.85,4.88,181093
2025-07-09,4.88,5.5,4.7,5.16,304220
2025-07-10,5.18,5.32,5,5.04,176878
2025-07-11,5.1,5.22,5,5.04,80806
2025-07-14,5.14,5.16,4.9,5.04,117277
2025-07-15,5,5,4.81,4.84,118528
2025-07-16,4.87,5.2,4.86,5.06,113400
2025-07-17,4.99,4.99,4.82,4.84,88953
2025-07-18,4.85,4.99,4.82,4.92,44770
2025-07-21,4.92,5.1,4.83,4.95,73609
2025-07-22,5,5,4.82,4.82,28488
2025-07-23,4.82,4.9,4.71,4.73,58222
2025-07-24,4.73,4.81,4.44,4.48,175348
2025-07-25,4.48,4.65,4.3,4.6,106103
2025-07-28,4.6,4.6,4.4,4.49,68405
2025-07-29,4.49,4.51,4.29,4.37,70051
2025-07-30,4.31,4.37,4.21,4.3,62413
2025-07-31,4.54,4.74,4.4,4.47,272495
2025-08-01,4.54,4.54,4.2,4.38,69990
2025-08-04,5,5.16,4.52,4.56,793388
2025-08-05,4.5,4.55,3.93,4.19,502436
2025-08-06,4.04,4.13,3.42,3.46,765811
2025-08-07,3.54,3.8,2.81,2.81,1177402
2025-08-08,2.92,3.15,2.81,2.94,572907
2025-08-11,2.85,3.09,2.72,2.88,541438
2025-08-12,2.88,2.97,2.86,2.88,105758
2025-08-13,2.88,3.45,2.88,3.13,944119
2025-08-14,3.13,3.24,3,3.16,270898
2025-08-18,3.15,3.2,3,3,133948
2025-08-19,3.01,3.11,3.01,3.02,107301
2025-08-20,2.98,3.54,2.9,3.32,560783
2025-08-21,3.35,3.58,3.23,3.5,380309
2025-08-22,3.46,3.54,3.22,3.27,169076
2025-08-25,3.36,3.36,3.14,3.21,92627
2025-08-26,3.22,3.29,3.15,3.17,30726
2025-08-27,3.2,3.35,3.17,3.25,135083
2025-08-28,3.25,3.25,3.02,3.11,80960
2025-08-29,3.11,3.16,2.9,2.93,159921
2025-09-01,2.95,3.04,2.9,2.95,75757
2025-09-02,2.97,3.02,2.92,2.98,46001
2025-09-03,2.98,2.98,2.85,2.93,38998
2025-09-04,2.93,2.93,2.83,2.85,29727
2025-09-05,2.88,2.91,2.8,2.83,79418
2025-09-08,2.85,3.49,2.76,3.36,685434
2025-09-09,3.36,3.81,3.12,3.67,684782
2025-09-10,3.66,3.66,3.1,3.16,407547
2025-09-11,3.14,3.15,3.02,3.06,287146
2025-09-12,3.07,3.07,2.77,2.81,907570
2025-09-15,2.78,2.89,2.51,2.51,638529
2025-09-16,2.45,2.45,2.02,2.11,1519535
2025-09-17,2.12,2.39,2.1,2.14,1033980
2025-09-18,2.12,2.29,2.1,2.16,362954
2025-09-19,2.16,2.21,2.11,2.12,219376
2025-09-22,2.19,2.32,2.15,2.19,340792
2025-09-23,2.24,2.46,2.15,2.39,658942
2025-09-24,2.35,2.41,2.25,2.26,255397
2025-09-25,2.29,2.3,2.21,2.26,76657
2025-09-26,2.2,2.33,2.09,2.12,342711
2025-09-29,2.24,2.27,2.16,2.2,90991
2025-09-30,2.1,2.19,2.03,2.08,221779
2025-10-01,2.07,2.15,2.04,2.1,114309
2025-10-02,2.13,2.15,2.06,2.09,38594
2025-10-03,2.1,2.13,2.06,2.06,34972
2025-10-06,2.09,2.09,1.96,1.99,138723
2025-10-07,2.02,2.03,1.955,1.995,70281
2025-10-08,2.01,2.01,1.885,1.93,140122
2025-10-09,1.945,2.01,1.91,1.91,123424
2025-10-10,1.91,1.965,1.8,1.84,157864
2025-10-13,1.815,1.825,1.785,1.8,63118
2025-10-14,1.8,1.815,1.72,1.765,109245
2025-10-15,1.77,1.82,1.735,1.82,76394
2025-10-16,1.835,2.1,1.835,1.94,523529
2025-10-17,1.99,2.04,1.815,1.84,213582
2025-10-20,1.88,1.92,1.83,1.87,70473
2025-10-21,1.83,1.85,1.74,1.8,178759
2025-10-22,1.8,1.815,1.77,1.81,36571
2025-10-23,1.815,1.815,1.75,1.79,73530
2025-10-24,1.79,1.815,1.77,1.795,21423
2025-10-27,1.8,1.8,1.7,1.725,151661
2025-10-28,1.705,1.755,1.67,1.69,46672
2025-10-29,1.705,1.725,1.67,1.7,41630
2025-10-30,1.695,1.725,1.67,1.71,47741
2025-10-31,1.7,1.7,1.67,1.7,26328
2025-11-03,1.67,1.705,1.66,1.7,38734
2025-11-04,1.7,1.7,1.665,1.695,21217
2025-11-05,1.7,1.7,1.665,1.69,13687
2025-11-06,1.695,1.695,1.625,1.69,78245
2025-11-07,1.69,1.69,1.63,1.675,60001
2025-11-10,1.67,1.675,1.635,1.66,23810
2025-11-12,1.66,1.66,1.625,1.65,24379
2025-11-13,1.62,1.67,1.615,1.65,37769
2025-11-14,1.645,1.69,1.615,1.67,68881
2025-11-17,1.65,1.78,1.635,1.755,104216
2025-11-18,1.76,1.8,1.66,1.68,49925
2025-11-19,1.67,1.71,1.65,1.695,37538
2025-11-20,1.695,1.95,1.675,1.89,312036
2025-11-21,1.945,1.95,1.76,1.775,110578
2025-11-24,1.775,1.775,1.65,1.7,81771
2025-11-25,1.7,1.76,1.65,1.73,43514
2025-11-26,1.74,1.75,1.625,1.71,52222
2025-11-27,1.71,1.71,1.625,1.66,49996
2025-11-28,1.66,1.69,1.61,1.66,60430
2025-12-01,1.66,1.66,1.58,1.62,35754
2025-12-02,1.62,1.63,1.58,1.62,30423
2025-12-03,1.615,1.615,1.59,1.595,3866
2025-12-04,1.605,1.68,1.605,1.635,55482
2025-12-05,1.635,1.65,1.6,1.6,21364
2025-12-08,1.625,1.625,1.49,1.505,96708
2025-12-09,1.5,1.535,1.37,1.445,82056
2025-12-10,1.415,1.495,1.405,1.48,61591
2025-12-11,1.47,1.49,1.44,1.48,55748
2025-12-12,1.48,1.48,1.415,1.435,33905
2025-12-15,1.435,1.44,1.36,1.39,66320
2025-12-16,1.38,1.38,1.305,1.32,55118
2025-12-17,1.32,1.38,1.32,1.32,84435
2025-12-18,1.325,1.35,1.32,1.32,35869
2025-12-19,1.34,1.34,1.25,1.29,64122
2025-12-22,1.29,1.295,1.21,1.22,253144
2025-12-23,1.26,1.26,1.19,1.23,186919
2025-12-29,1.205,1.28,1.205,1.265,32702
2025-12-30,1.265,1.335,1.265,1.31,34945
2026-01-02,1.35,1.44,1.3,1.4,113841
2026-01-05,1.4,1.47,1.38,1.435,82062
2026-01-07,1.435,1.46,1.38,1.39,49558
2026-01-08,1.4,1.4,1.365,1.365,27090
2026-01-09,1.365,1.39,1.345,1.37,45843
2026-01-12,1.37,1.77,1.37,1.77,420387
2026-01-13,1.85,2.42,1.85,2.42,2155457
2026-01-14,2.42,2.59,2.07,2.32,2150622
2026-01-15,2.34,2.57,2.26,2.34,775348
2026-01-16,2.34,2.4,2.2,2.21,305631
